,index,pnl,pnl_long,tvr,long_num,short_num,long_pos,short_pos
0,2021-01-04,,,,0,0,0.0,0.0
1,2021-01-05,0.0049996163309257305,0.0069317706552078015,1.0,2010,2009,1.0,-1.0
2,2021-01-06,0.004600561635294433,0.005255673997951325,0.3127647501307237,2012,2011,1.0,-1.0
3,2021-01-07,0.007804947321607135,0.01043992872486664,0.26275339080682214,2012,2011,1.0,-1.0
4,2021-01-08,0.000997845704282442,0.0009522729152239835,0.18582449065733964,2014,2013,1.0,-0.9999999999999999
5,2021-01-11,0.0027164880368302623,0.002994435087980269,0.20697433624243153,2015,2014,1.0,-1.0
6,2021-01-12,0.0019848414314653905,0.0036161081523076732,0.42610741481171305,2016,2015,1.0,-1.0
7,2021-01-13,0.0027304437954242897,0.0030301194120905713,0.34173431504709967,2016,2015,1.0,-1.0
8,2021-01-14,0.00449414283251991,0.00238280190555043,0.40725933979460655,2017,2016,0.9999999999999999,-1.0
9,2021-01-15,0.008746213224969653,0.0065699565873797855,1.030683188750889,2019,2018,1.0000000000000002,-1.0
10,2021-01-18,0.0016356834569340988,0.0036182292488674897,0.43335081042850154,2019,2018,1.0,-0.9999999999999999
11,2021-01-19,0.002086704704391989,-0.00036511379855647726,0.7493438794633698,2019,2018,1.0,-1.0000000000000002
12,2021-01-20,-0.0013379534142587864,-0.00030089750106650735,0.8638746953073507,2020,2019,1.0,-0.9999999999999999
13,2021-01-21,-0.0004302847523495641,0.0008336433728593287,0.4576353286796493,2020,2019,0.9999999999999999,-1.0
14,2021-01-22,-0.0017263430121202228,-0.0003968334859190039,1.059480097824543,2020,2019,1.0,-1.0
15,2021-01-25,0.0034334825058648117,0.005782536840471773,0.5576768011856654,2020,2019,1.0,-1.0
16,2021-01-26,-0.002346247259212505,-0.003776148502156698,0.42994087562377437,2021,2020,1.0,-0.9999999999999999
17,2021-01-27,-0.0003501244490075337,-0.000992211750909782,0.2504353402524643,2022,2021,1.0,-1.0
18,2021-01-28,-0.001468978837266986,-0.002838154320083515,0.33992951201023824,2024,2023,1.0,-1.0
19,2021-01-29,-0.000994362588620049,-0.001431081731119329,0.9427961401915903,2025,2024,1.0,-1.0
20,2021-02-01,-0.00027988878364147186,-0.0016093385753757905,0.47548708025864134,2027,2026,1.0,-0.9999999999999999
21,2021-02-02,-0.0012143487086777548,-0.0002591357701407374,0.49132666996737084,2027,2026,1.0,-1.0
22,2021-02-03,-0.0019572582327075094,-0.0021685652734067667,1.0023092020365496,2028,2027,1.0000000000000002,-1.0
23,2021-02-04,0.0005659111091894297,0.0021932193341911363,0.5087805851864137,2029,2028,1.0,-1.0
24,2021-02-05,-0.0002778512617111935,-0.0010296669556021064,0.6264571465302338,2031,2030,0.9999999999999999,-1.0
25,2021-02-08,0.003884673771929247,0.004247381464348166,0.2919564878677757,2032,2031,1.0,-0.9999999999999999
26,2021-02-09,0.003426736845522039,0.004677046576608477,0.28430731980111074,2033,2032,1.0,-1.0
27,2021-02-10,0.0010945751363344355,0.0026369036172824503,0.19951712435190955,2033,2032,0.9999999999999999,-1.0
28,2021-02-18,-0.008541922947943526,-0.011804072066860368,0.31441431477713866,2033,2032,1.0,-1.0
29,2021-02-19,-0.00301682899245519,-0.005377416355203578,0.3648794896770027,2034,2033,0.9999999999999999,-1.0
30,2021-02-22,-0.005800991370795228,-0.008850180549764523,0.44304535636991793,2035,2034,1.0,-1.0
31,2021-02-23,9.525050733796435e-05,0.0008012733875118298,1.2474031629265292,2037,2036,0.9999999999999999,-0.9999999999999999
32,2021-02-24,0.004169475129304134,0.0024411213639681725,0.40458491387127415,2039,2038,1.0,-1.0
33,2021-02-25,0.0029040134303826605,0.0029886420170143688,0.2473708174128708,2042,2041,1.0,-1.0
34,2021-02-26,0.004368900179439452,0.003929675602736833,0.18907715817936396,2042,2041,0.9999999999999999,-0.9999999999999999
35,2021-03-01,0.00026626185430760063,-0.0006226460108928779,0.23792542064386085,2042,2041,1.0,-1.0
36,2021-03-02,0.0004989768957331542,-0.00013519783121449837,0.34607084437113944,2042,2041,0.9999999999999998,-0.9999999999999999
37,2021-03-03,-0.00035972219805210925,-0.0006664115566294877,0.286201964934468,2042,2041,1.0,-1.0
38,2021-03-04,0.0007565352497313233,-0.003103565312520342,0.8520646293010414,2043,2042,1.0,-0.9999999999999998
39,2021-03-05,0.0023522551845642312,0.0027015481675518593,0.8751843887675769,2044,2043,1.0,-1.0
40,2021-03-08,0.0034182147525220787,0.0013716260264668018,0.4228861304406928,2046,2045,1.0,-1.0
41,2021-03-09,7.457074611663152e-05,0.0007146477759449495,0.49676305033144386,2047,2046,1.0,-1.0
42,2021-03-10,-0.001077306267405334,-0.00010724024767228002,0.22991639063367447,2048,2047,1.0,-1.0
43,2021-03-11,0.0017164477456465717,0.001757299291191762,0.19057474880229833,2049,2048,1.0,-1.0
44,2021-03-12,0.001025376066484937,0.0005879369132736065,0.5211391895840111,2049,2048,1.0,-1.0
45,2021-03-15,0.001843972996990031,0.0006179120771097324,0.49105175975458243,2049,2048,1.0,-1.0
46,2021-03-16,0.00045438892207441163,-0.0008545890493239783,0.5964069579602348,2050,2049,1.0,-1.0
47,2021-03-17,0.0004703032463575173,0.0015861264836889745,0.9582249397526346,2051,2050,1.0,-0.9999999999999998
48,2021-03-18,0.0009094567213225159,0.000489591626528332,0.35152331346952526,2051,2050,1.0,-1.0
49,2021-03-19,-0.0016883612110873436,-0.0023915901563247082,0.4396853451461163,2052,2051,1.0,-1.0
50,2021-03-22,0.0006320523353049688,0.0004113586372018474,1.0227774088877728,2053,2052,1.0,-1.0
51,2021-03-23,0.001300494947909481,0.0015911508011807844,1.1081361868914679,2053,2052,1.0,-1.0
52,2021-03-24,0.0009060012092701876,-0.001217648826734784,0.7542528398380584,2053,2052,1.0,-1.0
53,2021-03-25,0.0025220346757400705,0.003982702774597944,0.7224597984261137,2054,2053,1.0000000000000002,-0.9999999999999999
54,2021-03-26,-0.0003372803611860851,0.00045495991123161925,0.4241090051612869,2055,2054,0.9999999999999998,-1.0
55,2021-03-29,0.0001130543386511616,-5.8451534667356125e-05,1.2247290607331849,2055,2054,1.0,-1.0
56,2021-03-30,0.0027212773364705643,0.004065217826029982,0.47987244114500194,2057,2056,1.0,-1.0
57,2021-03-31,-0.0013492103599113455,-0.0018439683825343424,0.5378612509803,2058,2057,1.0,-1.0
58,2021-04-01,0.0018122702670916786,0.0026930932441563303,0.4421010780326759,2059,2058,1.0,-1.0
59,2021-04-02,-0.00040880519606474337,-0.000530566032113852,0.3329801224406629,2060,2059,1.0,-0.9999999999999999
60,2021-04-06,-0.0015664576462948929,-0.002927037203387285,0.28303055883664074,2062,2060,1.0,-0.9999999999999999
61,2021-04-07,-0.002220379868071989,-0.004023421167245385,0.36784712081284254,2063,2062,1.0,-1.0
62,2021-04-08,0.00043072538862512326,0.0007236762726638007,0.8576802308733693,2064,2063,1.0,-1.0
63,2021-04-09,-0.003262221867897324,-0.0040630323077803674,0.8595514050472146,2065,2064,1.0,-1.0
64,2021-04-12,0.0012793021476636664,-0.00021655953029938758,1.0939437430029502,2066,2065,1.0,-1.0
65,2021-04-13,-2.433870786678954e-05,-0.00011730673474623539,0.7166039252290923,2067,2066,1.0,-1.0
66,2021-04-14,0.0020561404975183084,0.002267796612571588,0.3541690851734478,2069,2068,0.9999999999999999,-1.0
67,2021-04-15,0.0006740406851402773,0.00035351649908012305,0.5495413178007557,2069,2068,1.0,-1.0
68,2021-04-16,0.003668436901697908,0.0025442543469314446,0.49862820011649783,2070,2069,1.0,-0.9999999999999999
69,2021-04-19,0.002288021813322441,0.00317961156874858,0.8183324646088654,2072,2071,1.0,-1.0
70,2021-04-20,0.0009097367232123151,0.0015257082272595156,1.0776399594303023,2075,2074,1.0,-0.9999999999999999
71,2021-04-21,-0.00027709526728165144,0.0010618210138049287,0.2704020393488916,2076,2075,0.9999999999999999,-1.0
72,2021-04-22,6.268179135219913e-05,0.0003703575434386682,0.36566675551116723,2076,2075,1.0,-1.0
73,2021-04-23,0.0016752216803726447,0.002773735571183018,0.2804198796067284,2078,2077,1.0,-1.0
74,2021-04-26,0.0011086999697163596,0.0005491374955667368,0.36575200802134744,2079,2078,1.0,-0.9999999999999999
75,2021-04-27,0.0010623486333763113,0.0029286338240434246,0.6205791772544234,2080,2079,1.0,-1.0
76,2021-04-28,0.0007291174673078956,0.0016110718354075057,0.42399620884758127,2082,2081,1.0,-1.0
77,2021-04-29,-0.0001593776826591055,-0.00047953096738893516,0.49031489153494595,2085,2084,1.0,-1.0
78,2021-04-30,0.0007870808398747729,0.0013045072276880332,0.3576798413859158,2085,2084,1.0,-1.0
79,2021-05-06,-0.0012360893334470147,-0.0029709013240363812,0.6050670891821166,2085,2084,1.0,-1.0
80,2021-05-07,0.0019318076814667986,-0.0011861887858528337,0.5887027535001521,2087,2086,0.9999999999999999,-1.0
81,2021-05-10,-0.0012343489556969002,-0.0008886379599274956,0.6881069408772948,2088,2087,1.0,-1.0
82,2021-05-11,0.0007330283887820473,0.0004565924763788153,0.33318872048308223,2090,2089,1.0,-1.0
83,2021-05-12,0.0005976109244205325,0.001429858602635347,0.27385268172216143,2091,2090,1.0,-1.0
84,2021-05-13,0.0015076935064462212,0.0011134303906958389,0.37267653729482836,2093,2092,0.9999999999999998,-0.9999999999999999
85,2021-05-14,0.0026272412112877718,0.003368927130695013,0.5120697882910971,2094,2093,1.0,-1.0
86,2021-05-17,0.007660698881113517,0.009044837621890624,1.091553904268073,2095,2094,1.0,-1.0
87,2021-05-18,-0.0008059009268919551,-0.0010660402316691906,0.45595711611563516,2096,2095,1.0,-1.0
88,2021-05-19,-0.0023629598710433125,-0.002352582285827085,0.2641850034291081,2097,2096,1.0,-1.0
89,2021-05-20,0.000493413258518992,0.0013238345818151712,0.3472702878070175,2099,2098,1.0,-0.9999999999999999
90,2021-05-21,-0.0021926686315309816,-0.0030887372398142746,0.3016352557444205,2101,2100,1.0,-1.0
91,2021-05-24,0.00024311690843554362,0.0006091344699136721,0.5260987858167309,2101,2100,1.0,-1.0
92,2021-05-25,0.0010869725287501273,0.0023892335179878134,0.7968475332475384,2102,2101,1.0,-0.9999999999999999
93,2021-05-26,0.00031244357874639014,-0.0010021839731858464,0.8827768549000197,2104,2103,1.0,-1.0
94,2021-05-27,0.001876616687968193,0.0021615242825429627,0.38307096797043744,2104,2103,1.0,-1.0
95,2021-05-28,-0.0009237282842552209,-3.7099684903358493e-06,0.33967227960652324,2105,2104,1.0,-1.0
96,2021-05-31,-0.0008503738027357769,-0.0005418960170326115,0.304869367089469,2106,2105,1.0,-1.0
97,2021-06-01,-0.0003918926112740596,-0.0005482576814087418,0.32765864244740184,2107,2106,0.9999999999999999,-0.9999999999999999
98,2021-06-02,-0.0002562135893394825,-0.003048739030913846,0.5219276361123107,2109,2108,0.9999999999999999,-1.0
99,2021-06-03,0.0011058967775315121,-9.523798164301402e-05,0.6085376184274356,2110,2109,1.0,-1.0
100,2021-06-04,-0.0025351908653357806,-0.0008896788358510712,0.6614390963688768,2110,2109,1.0,-1.0
101,2021-06-07,0.0020138722175926547,0.0028482736787784537,0.80400582155963,2113,2112,1.0000000000000002,-1.0000000000000002
102,2021-06-08,0.0010490648020661242,-0.0012909695357393074,0.6545979657939454,2113,2112,1.0,-1.0
103,2021-06-09,0.0021706713810553113,0.0014553276092632698,0.8047635680167022,2114,2113,1.0,-1.0
104,2021-06-10,0.003526985047740025,0.0054011638296856,0.5503199328580294,2115,2114,0.9999999999999999,-1.0
105,2021-06-11,-0.001416326177632175,-0.002471579909476449,0.7263213269422124,2116,2115,1.0,-0.9999999999999999
106,2021-06-15,0.002777886475190364,0.003507874658841505,0.69819188779769,2116,2115,0.9999999999999999,-0.9999999999999999
107,2021-06-16,0.0032096055413923293,0.0021260347092426565,0.4671685059516233,2118,2117,1.0,-1.0
108,2021-06-17,0.0014698296843791616,0.0028100795063830935,0.49909765798088906,2119,2118,1.0,-1.0
109,2021-06-18,0.001124103112379913,0.0018097990920295237,0.3888969143941681,2120,2119,1.0,-0.9999999999999999
110,2021-06-21,0.0014810057501910487,0.002659142633715729,0.47233766078196715,2121,2120,1.0000000000000002,-1.0
111,2021-06-22,0.0007405202517297193,7.845966369157253e-06,0.4124666701563696,2122,2121,0.9999999999999999,-0.9999999999999998
112,2021-06-23,0.00024293748557763445,0.0007874875196259264,0.5065480445142629,2123,2122,1.0,-1.0
113,2021-06-24,0.0008605543614951423,-0.0001882743433560246,0.6926139443732319,2125,2124,0.9999999999999998,-1.0
114,2021-06-25,2.758168382029319e-05,7.359115218962898e-05,0.5498493541772984,2126,2125,1.0,-1.0
115,2021-06-28,0.0010250484863604222,0.002383019183202228,0.712852067283976,2128,2127,1.0,-1.0
116,2021-06-29,-0.0017650302378369913,-0.0015047609941339704,0.4568325481681064,2129,2128,1.0000000000000002,-1.0
117,2021-06-30,0.001435793554233085,0.0022339456989937875,0.5477668222889994,2130,2129,1.0,-1.0000000000000002
118,2021-07-01,0.0010708227714503662,0.0010594517045367444,0.46519226952821324,2131,2130,1.0,-1.0
119,2021-07-02,-0.004625113515383989,-0.004769808344316391,0.45845257823233615,2132,2131,0.9999999999999999,-0.9999999999999999
120,2021-07-05,0.0029566175356597058,0.0037326385285267813,1.1629782459034832,2133,2132,1.0,-1.0
121,2021-07-06,0.005553241704366354,0.0034788170600973663,0.4487141179466225,2135,2134,1.0,-1.0000000000000002
122,2021-07-07,-5.5412105951902976e-05,0.0023930163429707156,0.4865249279289635,2135,2134,1.0,-1.0
123,2021-07-08,0.0013675126182410295,0.0019267159893015485,0.4264714779422592,2138,2137,1.0,-1.0
124,2021-07-09,0.001032037932210835,0.0006597857569145583,0.4796790259663545,2138,2137,1.0,-1.0
125,2021-07-12,0.0013814192041829237,0.0017299897427352582,0.609796993277468,2139,2138,0.9999999999999997,-0.9999999999999998
126,2021-07-13,-0.0002017556448839369,-0.001029189821782208,0.48226301637039426,2140,2139,0.9999999999999999,-1.0
127,2021-07-14,0.0014061816182107095,0.0006720766634938039,0.5121145626888743,2141,2140,1.0,-1.0
128,2021-07-15,-0.0007659068685654132,0.0014442193375448298,0.6614270867851966,2143,2142,1.0,-1.0
129,2021-07-16,-0.0011046309292400993,-0.0020835519992598566,0.7201109548496292,2144,2143,0.9999999999999999,-1.0
130,2021-07-19,0.0008332666499539978,0.0004492121456713752,0.47641152731624714,2146,2145,1.0,-1.0
131,2021-07-20,-0.0009401959647650695,0.0005078331003185478,0.5102424783315932,2146,2145,1.0,-1.0
132,2021-07-21,0.0006907732954380711,0.002598802284064554,0.5165659030092717,2147,2146,1.0,-1.0
133,2021-07-22,0.0002602070855542368,-0.00048627967893635077,0.7433457003094341,2147,2146,1.0,-1.0
134,2021-07-23,-0.0016852878843777366,-0.001998583698721041,0.7599915583635721,2149,2148,1.0000000000000002,-0.9999999999999999
135,2021-07-26,0.0015336671388782959,0.0027711293175002576,0.4307553806054979,2150,2149,0.9999999999999999,-0.9999999999999999
136,2021-07-27,0.006046832062372326,0.004518270767324532,0.6757988893616527,2150,2149,1.0,-1.0
137,2021-07-28,-0.009158256488101693,-0.005916914157399519,0.39046820935462695,2152,2151,1.0,-1.0
138,2021-07-29,0.0032001295795118243,0.003023939264560075,0.3004649485779344,2152,2151,1.0,-0.9999999999999999
139,2021-07-30,0.0030425606644517334,0.003573890359337053,0.27667590169362277,2154,2153,1.0,-1.0000000000000002
140,2021-08-02,0.002381111204262378,0.0027082916118816476,0.3013542669837681,2155,2154,1.0,-1.0
141,2021-08-03,-0.001649127864096356,-0.003200081799130592,0.9973653077570956,2157,2156,1.0,-1.0
142,2021-08-04,0.0002519755421433933,0.0015000400775831823,0.8576832161973483,2157,2156,0.9999999999999999,-1.0
143,2021-08-05,0.0009324634543203293,0.0015190687600363396,0.5069139983499475,2159,2158,1.0000000000000002,-1.0
144,2021-08-06,0.0008400315206064618,0.00010152955996255153,0.5418822943857767,2160,2159,1.0,-1.0
145,2021-08-09,0.0037438913796002367,0.001781581376609779,0.5021728716052443,2162,2161,0.9999999999999999,-1.0000000000000002
146,2021-08-10,-0.00015763067265136578,-0.0009272768798297346,0.5903111236111886,2162,2161,1.0000000000000002,-1.0
147,2021-08-11,0.0007417671696580076,-0.00021855146061896136,0.7114355488395292,2163,2162,1.0,-0.9999999999999999
148,2021-08-12,-0.0007087734597021113,-0.002090783012185077,0.6453260282634281,2165,2164,1.0,-1.0
149,2021-08-13,-0.001614661784276044,-0.0018429436989895812,0.566293202450868,2167,2166,1.0,-1.0
150,2021-08-16,0.0029892538583959835,0.0012205853289739654,0.5649711949302039,2167,2166,1.0,-1.0
151,2021-08-17,0.0010911709843419853,-9.832740105377574e-05,0.6235195725386699,2167,2166,1.0,-1.0
152,2021-08-18,0.0011214603101089415,0.0008944543056850999,0.6688123198947751,2168,2167,0.9999999999999999,-1.0
153,2021-08-19,0.0016030141313728345,0.0014539944338903088,0.3735111256967421,2170,2169,1.0000000000000002,-1.0000000000000002
154,2021-08-20,-0.0009262964006344176,-0.0005596831202862822,0.3589498060367787,2171,2170,1.0,-1.0
155,2021-08-23,0.006511357394929303,0.005821749826222175,0.4453430456837952,2173,2172,1.0,-1.0
156,2021-08-24,0.001637074892027204,0.0021549444027585945,0.48826415131697487,2174,2173,1.0,-1.0
157,2021-08-25,-0.0012481254732460514,-0.0015095438450912395,0.9105517735571205,2175,2174,1.0,-1.0
158,2021-08-26,-0.0005843187025855855,-0.0016040040678651293,0.476300446646489,2176,2175,1.0,-1.0
159,2021-08-27,-0.003326090124707898,-0.0025990779366107126,0.7460965440602357,2177,2176,1.0,-1.0
160,2021-08-30,-0.0004971505396316638,-9.1418651675649e-05,0.81638344500088,2178,2177,0.9999999999999999,-1.0
161,2021-08-31,-0.002085989638106087,-0.002997404912300974,0.6348247526756337,2178,2179,0.9999999999999999,-1.0
162,2021-09-01,-0.0004976161624214931,-0.0030750875318616977,0.597585713674492,2180,2179,1.0,-1.0
163,2021-09-02,-0.002424367384707634,-0.0033616316933677143,0.450634283709355,2180,2179,1.0,-1.0
164,2021-09-03,0.0020574266848768542,0.00032565393676219166,0.5006773298110333,2181,2180,1.0,-0.9999999999999998
165,2021-09-06,0.003574406574891094,0.004193667019297062,0.5159447979839689,2181,2180,1.0,-1.0
166,2021-09-07,0.0007852785736903794,0.0010502395316050617,0.7450835658014198,2182,2181,1.0,-1.0
167,2021-09-08,-0.002069704519006647,-0.004391010378993247,0.580846483759432,2182,2181,1.0,-0.9999999999999999
168,2021-09-09,-6.350896742965059e-06,-0.0010149595126348933,0.715405855051095,2183,2182,1.0,-1.0
169,2021-09-10,0.002227596049324721,0.0040941532751544085,0.5629918643985974,2183,2182,1.0,-1.0
170,2021-09-13,-0.003213417377018745,-0.004314736580907738,0.6419848833743721,2183,2182,1.0,-1.0
171,2021-09-14,0.000787388219903931,0.001955460272260637,0.817609904843696,2185,2184,0.9999999999999999,-1.0
172,2021-09-15,0.0013877387299947065,0.0013749287803359635,0.5730704824120854,2186,2185,0.9999999999999999,-1.0
173,2021-09-16,-0.0010083131224852548,-0.002489064966647553,0.5071760132215191,2187,2186,0.9999999999999999,-1.0
174,2021-09-17,-0.0012382355718451865,-0.00020516262434257596,0.5711317671928697,2189,2188,1.0,-1.0
175,2021-09-22,-0.0014008991344083496,-0.0008579157165563601,0.49511761163253104,2189,2188,1.0,-1.0
176,2021-09-23,0.0034909246834874934,0.0022471732621540718,0.4869912609507783,2191,2190,1.0,-1.0
177,2021-09-24,0.0008763895898732978,0.0020776222920597144,0.5589369168652879,2193,2192,1.0,-1.0000000000000002
178,2021-09-27,0.005019318074310861,0.006064306406823275,0.7887244957381147,2193,2192,0.9999999999999999,-1.0
179,2021-09-28,-0.0016938728724963,-0.0025221504498625542,0.5465494336468332,2195,2194,0.9999999999999999,-1.0
180,2021-09-29,-0.0011373350101051057,-0.001426280228889739,0.45899641499394866,2196,2195,1.0,-1.0
181,2021-09-30,0.0022073132328973913,0.0037244536886642185,0.4953326808326826,2197,2196,1.0000000000000002,-1.0
182,2021-10-08,-0.004737480872500619,-0.00675253495497621,0.3711776627716537,2197,2196,1.0,-1.0
183,2021-10-11,0.0002906837496025132,0.00011654590054377845,0.45837378289726594,2198,2197,1.0,-1.0
184,2021-10-12,-0.0015339950152788596,-0.0015849243008947932,0.7203132518566339,2199,2198,0.9999999999999998,-0.9999999999999999
185,2021-10-13,0.0027638587751597655,0.0037475388077588,0.6066142928142332,2200,2199,1.0,-1.0
186,2021-10-14,-0.0011335977388880624,-0.001785831763129772,0.6876420982006008,2201,2200,1.0,-1.0
187,2021-10-15,0.0010994985197737659,0.002665439226782969,0.4664353948271087,2202,2201,1.0,-1.0
188,2021-10-18,0.0013018128169159406,0.0006574245925511056,0.6148669638336349,2202,2201,1.0,-1.0
189,2021-10-19,-0.00044024017492381084,0.0002569233377249071,0.7731891002290385,2203,2202,1.0,-0.9999999999999999
190,2021-10-20,0.0010426881647636744,0.0020611827092804733,0.6378494092161727,2203,2202,0.9999999999999999,-1.0
191,2021-10-21,-0.002180892472501996,-0.0015636023261949659,0.5893339479310981,2204,2202,1.0,-1.0
192,2021-10-22,0.0002543721028575238,0.0006939410699461791,0.5288140090636791,2204,2203,1.0,-0.9999999999999998
193,2021-10-25,0.0008355414961085626,0.0027427794804083146,0.5964578772303206,2205,2204,1.0,-1.0
194,2021-10-26,0.0021397200673422875,0.0019330033254129457,0.7481131224384144,2206,2205,1.0,-1.0
195,2021-10-27,-0.0004113024376697222,0.0010587672567480347,0.4982172805230887,2208,2207,1.0,-0.9999999999999998
196,2021-10-28,-0.0018430804085677903,-0.0009972469983323337,0.6049675113727897,2210,2208,1.0,-1.0
197,2021-10-29,0.00018581870224443353,0.0005575078277838992,0.49399912162234927,2211,2210,0.9999999999999998,-1.0
198,2021-11-01,0.0043051533059577755,0.004695783101063153,0.4251479507166032,2211,2210,1.0,-1.0
199,2021-11-02,-0.0027367323038401375,-0.001285907844963987,0.5686100129170037,2213,2212,1.0,-1.0
200,2021-11-03,0.0025358395727387564,0.0020050307537070895,0.34323501626457553,2214,2213,1.0,-1.0
201,2021-11-04,-0.0013240129699722755,-0.000648480845297783,0.4782840583596082,2217,2216,1.0,-0.9999999999999999
202,2021-11-05,-0.0006183122750445533,-0.001638805756374399,0.7580916650260466,2218,2217,1.0,-1.0
203,2021-11-08,0.0015600437979848957,0.0013848983783550373,0.5739456305755257,2218,2217,0.9999999999999999,-1.0
204,2021-11-09,0.0002608579975068512,0.0012954261534263573,0.6495786015966338,2219,2218,1.0,-0.9999999999999999
205,2021-11-10,-0.0007718687050442797,-0.0013637381983914948,0.5425903375943804,2220,2219,1.0,-1.0
206,2021-11-11,0.000708583098360081,0.00028175326078433253,0.42140549544310313,2221,2220,1.0,-1.0
207,2021-11-12,-0.0019930078977718688,-0.0006785526108668005,0.5251126972948901,2221,2220,1.0,-1.0
208,2021-11-15,0.002859843088301004,0.00011536724444756365,0.5257995729211584,2221,2220,1.0,-0.9999999999999999
209,2021-11-16,0.0014621866516648474,0.0019485293957113457,0.7025609795695211,2221,2220,1.0,-1.0000000000000002
210,2021-11-17,-0.0015517543682417728,-0.0012736890828174627,0.6249417141793747,2221,2220,1.0,-1.0
211,2021-11-18,0.0014406049218101315,0.0006142310523523861,0.5528419094644732,2222,2221,1.0,-1.0
212,2021-11-19,0.0017432288606425757,0.001632979219020619,0.7525168704100925,2223,2222,1.0,-1.0
213,2021-11-22,0.0023406873482455437,0.004124529548164512,0.5983182638923026,2225,2224,1.0,-1.0
214,2021-11-23,0.00045197675345807825,-0.0003360496783414435,0.7660049320074442,2226,2225,1.0,-1.0
215,2021-11-24,-0.0007980389895585918,-0.0017188742090772152,0.46880729058587767,2227,2226,1.0,-1.0
216,2021-11-25,-0.001077408968837291,-0.0017582413888456937,0.47282732430716845,2228,2227,1.0,-1.0
217,2021-11-26,0.00046453883554674943,0.0007984700084381936,0.471311994401264,2230,2229,1.0000000000000002,-1.0
218,2021-11-29,0.0005095505209548584,0.002126589021427261,0.5802934170689316,2230,2229,1.0,-1.0
219,2021-11-30,0.0008116208995117421,-0.0011473274633375576,0.5414777642249332,2232,2231,1.0,-1.0000000000000002
220,2021-12-01,0.002486499799809719,-0.0011726762015383564,0.6002126364728708,2232,2231,1.0,-1.0
221,2021-12-02,-0.0019269690105527103,-0.0027372685709103617,0.6422096137948132,2232,2231,0.9999999999999999,-1.0
222,2021-12-03,0.002006038136889035,0.001275593768737383,0.5289757138477567,2232,2231,1.0,-1.0
223,2021-12-06,0.0014294634449926761,0.0019686759041013784,0.7880633866338387,2234,2233,0.9999999999999998,-1.0
224,2021-12-07,0.001149542625610728,-0.0005447769839770095,0.595404336365945,2234,2233,1.0,-1.0
225,2021-12-08,0.0008828341985342167,0.0030145315455565435,0.48204179035887784,2235,2234,0.9999999999999999,-0.9999999999999999
226,2021-12-09,0.0007535136673202685,-2.241087346703096e-05,0.5434953663133782,2236,2235,1.0,-1.0
227,2021-12-10,-0.0009495781527630275,9.236723680268802e-05,0.3416256178373334,2236,2235,1.0,-1.0
228,2021-12-13,-3.780058477057685e-05,-0.0005123829070173916,0.3381268942145508,2237,2236,1.0,-1.0
229,2021-12-14,-0.0022025201025269673,-0.0035720186963049774,0.38028474100246573,2238,2237,1.0,-1.0
230,2021-12-15,-0.0029991135851775157,-0.004066294516859652,0.3732752292959635,2240,2239,0.9999999999999999,-1.0
231,2021-12-16,0.00038130246387449397,-4.3974963322025024e-05,0.6545378420735305,2240,2239,1.0,-1.0
232,2021-12-17,-0.0001842603206519671,-0.0017032206696542072,0.7844504466899747,2241,2240,1.0,-1.0
233,2021-12-20,0.0015265488010963954,0.0006695291669068836,0.7127984436011532,2242,2241,1.0,-1.0
234,2021-12-21,0.003752635314136897,0.0023810278947341487,0.44616221407201173,2242,2241,1.0,-1.0
235,2021-12-22,-0.0011543872207267973,-0.0016948354165599367,0.3425435102051979,2243,2242,1.0,-1.0
236,2021-12-23,-0.00257892779599141,-0.0013833232516395084,0.38507093049851515,2245,2244,1.0,-1.0
237,2021-12-24,-0.005545656809190376,-0.005838193090178655,0.48787956812111244,2246,2245,0.9999999999999998,-1.0
238,2021-12-27,0.0005387884728764109,-0.0007186707156101192,0.818771375806133,2246,2245,1.0,-1.0
239,2021-12-28,0.0037000658016507555,0.003276838392336656,0.4777694992195027,2247,2246,1.0,-1.0
240,2021-12-29,-0.0015913960681818496,-0.0026333906997388573,0.5131008018613833,2247,2246,1.0,-1.0
241,2021-12-30,0.0010962054823348373,0.0010846360303764513,0.936884754516877,2249,2248,0.9999999999999999,-1.0
242,2021-12-31,3.223839940295773e-05,-0.00040038623371132544,0.5767753533966011,2251,2250,1.0,-1.0
243,2022-01-04,0.003668116135861148,-0.00030136440676046747,0.659873688475701,2253,2252,1.0,-1.0
244,2022-01-05,0.0018886029597131333,0.0004790962874192742,0.6435451225457264,2253,2252,1.0,-1.0
245,2022-01-06,0.002338012213217365,0.001213091421368044,0.5139974241563956,2255,2254,1.0,-1.0
246,2022-01-07,-0.0019499497005329505,-0.0021499769867049517,0.35185736139548757,2255,2254,1.0,-1.0
247,2022-01-10,0.002205528900566958,0.0015539920392744436,0.3730313589543919,2257,2256,1.0,-1.0
248,2022-01-11,0.0011866572694844341,0.00024258369576319206,0.2733134500814751,2257,2256,1.0,-1.0
249,2022-01-12,0.0017229535301145227,0.0013175453564092214,0.3806169266774129,2257,2256,1.0,-1.0
250,2022-01-13,4.6487269719963815e-05,-0.0019166943952076063,0.49265366859688575,2258,2257,1.0,-1.0
251,2022-01-14,-0.001956837468513277,0.0007476553634145097,0.4473550901336328,2258,2257,1.0,-1.0
252,2022-01-17,0.0014287714591518464,-0.00045567037205840495,0.5642640091266535,2259,2258,1.0,-1.0
253,2022-01-18,-0.0005466352807479286,-0.0014739860226899541,0.5066390128902458,2259,2258,1.0,-1.0
254,2022-01-19,-0.001539076846618726,-0.00351632932167023,0.8277343594338189,2261,2260,1.0,-0.9999999999999999
255,2022-01-20,-0.00578013263062885,-0.005109969004787836,0.782193564228564,2262,2261,0.9999999999999999,-0.9999999999999999
256,2022-01-21,0.001042924241875176,-0.0010321847270379648,0.919735800072497,2262,2261,1.0,-1.0
257,2022-01-24,0.005855242533070689,0.006629135801818192,0.5034691913023446,2263,2262,1.0,-0.9999999999999998
258,2022-01-25,0.00010782633238084344,0.0007014602221977057,0.5821698829274747,2264,2263,1.0,-1.0
259,2022-01-26,0.002809992060546969,0.0011580544816712614,0.6270963006425718,2265,2264,1.0,-1.0
260,2022-01-27,0.0022445211041157345,0.0016130799272523304,0.4321586159417714,2265,2264,1.0,-1.0
261,2022-01-28,0.003249134322403465,0.0021101159826536486,0.5106045369603199,2266,2265,1.0,-1.0
262,2022-02-07,0.003522781077226166,0.0021838345431178657,0.4018659252380384,2266,2265,1.0,-1.0
263,2022-02-08,0.0017521717082201339,0.00028814062195327284,0.4349434499118747,2267,2266,1.0,-1.0
264,2022-02-09,-9.155900562194536e-06,-0.00038903810384936094,0.5089034569223205,2268,2267,1.0,-1.0
265,2022-02-10,-0.0030178287820181657,-0.0036786348735649687,0.36168672480740793,2269,2268,1.0,-1.0
266,2022-02-11,-0.0010845264636497667,-0.0011222851184270813,0.36724004380860953,2271,2270,1.0,-0.9999999999999999
267,2022-02-14,0.0029650574013512744,0.0025526289583234184,0.4280622305782653,2272,2271,0.9999999999999999,-1.0
268,2022-02-15,0.0035158125066143127,0.00557844388331971,0.47452962204436483,2272,2271,1.0,-1.0
269,2022-02-16,-0.0012786580861366874,-0.0027663159626103682,1.06220724006046,2272,2271,1.0,-1.0
270,2022-02-17,0.0015603980905716562,0.0016554517460258458,0.7964199562242922,2273,2272,1.0,-1.0
271,2022-02-18,-0.0014567330541497983,-0.0015376754680376699,0.7696247285744733,2274,2273,1.0,-1.0
272,2022-02-21,-0.0011607349273302574,-0.0024866240902510156,0.6158009415596387,2274,2273,1.0,-1.0000000000000002
273,2022-02-22,-0.004358395716068454,-0.004583935426407259,0.4030681130423281,2274,2273,1.0,-0.9999999999999999
274,2022-02-23,0.0013061364364538516,0.002231520363419559,1.0094209685215527,2274,2274,1.0,-1.0
275,2022-02-24,-0.002121544884451032,-0.0024595756829127804,0.7824213027100442,2276,2275,1.0,-1.0000000000000002
276,2022-02-25,0.00385083699452202,0.0032526810418356394,0.7940812998084444,2276,2275,0.9999999999999999,-0.9999999999999998
277,2022-02-28,-0.0013881195457895409,-0.0009741608720095359,0.4708565878765729,2277,2276,1.0,-1.0
278,2022-03-01,0.0003371285130013223,-0.0008860183186270238,0.4037638587823618,2277,2276,1.0,-1.0
279,2022-03-02,-0.0009855851160598455,-0.0020947331474945943,0.6984748592733292,2278,2277,1.0,-1.0
280,2022-03-03,-0.001776948055704425,-0.0035389203960590077,0.983844535372609,2279,2278,0.9999999999999999,-1.0000000000000002
281,2022-03-04,0.0012517477762901278,0.0015430744467388856,0.7736652475733325,2279,2278,0.9999999999999999,-1.0
282,2022-03-07,0.0011164131756562752,0.0005316239161054521,0.7381514361600743,2279,2278,0.9999999999999999,-0.9999999999999999
283,2022-03-08,0.0008748026922072421,0.0012487268461520463,0.3715544255985639,2280,2279,1.0,-1.0
284,2022-03-09,0.000397531826611686,0.0005856201169704501,0.32859979598916367,2280,2279,1.0,-1.0
285,2022-03-10,0.003284541900967549,0.0027442623947071428,0.26591434739282704,2280,2279,1.0,-1.0
286,2022-03-11,-0.0004749315624769813,-0.0010312775900961808,0.3852475906908739,2280,2279,1.0,-1.0
287,2022-03-14,-0.0011043912359535012,-0.0015316338763420624,0.34230686478322,2280,2279,1.0,-1.0
288,2022-03-15,-0.003912424190105537,-0.0021485561513944693,0.3794382293090989,2281,2280,0.9999999999999999,-0.9999999999999998
289,2022-03-16,-0.0012795296986905687,-0.0015479204259723038,0.44005444522216836,2281,2280,1.0,-1.0
290,2022-03-17,0.0056262349336342376,0.0065331591238470856,0.5126802402783338,2282,2281,0.9999999999999998,-1.0
291,2022-03-18,0.0012487643917703378,-0.0007620139026006806,0.5082074792031673,2282,2281,1.0000000000000002,-1.0
292,2022-03-21,0.000553630889694394,6.052828936144866e-05,0.47749115229667694,2283,2282,1.0,-1.0
293,2022-03-22,0.0006825247920573562,-0.0004117475901380613,1.0486114505854611,2284,2283,1.0,-1.0
294,2022-03-23,0.0009015693187940411,0.0005327289510022766,0.5976683285184262,2286,2285,1.0,-1.0
295,2022-03-24,0.001022443063039617,0.0016587215629216097,0.39567186177731084,2286,2285,1.0,-0.9999999999999999
296,2022-03-25,0.0012211004393528372,-0.0015200414506722163,0.8886056104516764,2287,2286,1.0,-1.0
297,2022-03-28,0.0003381458868040113,0.0005615464288610751,0.6426884016692334,2289,2288,1.0,-1.0
298,2022-03-29,-0.0005297358629742423,-9.114630412163614e-05,0.41873693640278475,2289,2288,1.0,-1.0
299,2022-03-30,0.0009752244136362331,0.0016553972572877808,0.3971861470461713,2291,2290,0.9999999999999999,-1.0
300,2022-03-31,-7.538171520800633e-05,-0.0012681888881411214,0.5241072540247912,2292,2291,1.0,-1.0
301,2022-04-01,0.00032420924916517265,0.0016018646634280206,0.5085465660892419,2293,2292,1.0,-1.0
302,2022-04-06,-0.003950654719698627,-0.0069173198417098,0.918996928356385,2294,2293,1.0,-1.0
303,2022-04-07,0.002216946551058188,0.002258612864782253,0.3577892414389502,2294,2293,1.0,-1.0
304,2022-04-08,0.0031491803475726214,0.0014113544008993763,0.3639523713830817,2295,2294,1.0,-1.0
305,2022-04-11,-0.0018913736851822564,-0.0023505205383721577,0.70788993887015,2296,2295,1.0,-1.0
306,2022-04-12,0.0008930401542798878,-0.00032294576250319583,0.47513208550127595,2297,2296,0.9999999999999999,-1.0
307,2022-04-13,-0.0012722354094517416,-0.0009569341071940466,0.3692484667424142,2297,2296,1.0,-1.0
308,2022-04-14,4.369351880264985e-05,0.00013749493453158986,0.43396660330530257,2298,2297,0.9999999999999999,-1.0
309,2022-04-15,0.00308086485823289,0.003359320815383496,0.604611184193507,2299,2298,1.0,-1.0
310,2022-04-18,0.0024858583159536214,0.002467702964743596,0.5235747926409821,2299,2298,1.0,-1.0
311,2022-04-19,-0.0014862389843246916,-0.0019511213538214028,0.849203850704535,2300,2299,0.9999999999999999,-1.0
312,2022-04-20,-0.000620337170242246,-0.0018724369663772264,0.7281465269910126,2302,2300,1.0,-1.0
313,2022-04-21,-0.001686537645623605,-0.0012470327407441972,0.5766116192810873,2303,2301,1.0,-0.9999999999999999
314,2022-04-22,-0.00047191956074303654,-0.001391427910112951,0.7981833276365191,2302,2301,0.9999999999999999,-1.0
315,2022-04-25,-0.005073996079701312,-0.0017160435057986256,0.3940347340972739,2303,2302,1.0,-1.0
316,2022-04-26,-0.003931452651758552,-0.001776712871343733,0.44750957668230135,2303,2302,1.0,-1.0
317,2022-04-27,0.004437867595252564,0.005660058158230556,0.2989111029896186,2305,2304,1.0,-1.0
318,2022-04-28,-0.0016525485775220625,-0.000490899364683624,0.3651407809708531,2307,2306,1.0,-1.0
319,2022-04-29,0.0012451165352325919,0.0023917438368061122,0.5259350005130374,2308,2307,1.0,-1.0
320,2022-05-05,-0.00019676144229673802,-0.0015208771724648908,0.5799170626609502,2310,2309,1.0,-1.0
321,2022-05-06,-0.004824376636138317,-0.006604185743525678,0.7537978596209376,2311,2310,1.0,-1.0
322,2022-05-09,-0.002609211827374562,-0.004665011048021489,0.4249718153627834,2311,2310,1.0,-1.0
323,2022-05-10,-0.00045950080123920156,-0.0005728100870683941,0.686458256018573,2311,2310,1.0,-1.0
324,2022-05-11,0.0011785212306157896,0.0016070271885245408,0.433891912827465,2312,2311,0.9999999999999999,-1.0
325,2022-05-12,0.00046294716888816735,-0.0009319243133648902,0.4186725809108741,2314,2313,1.0,-1.0
326,2022-05-13,0.004128430313098578,0.004852884469855984,0.458943918959779,2314,2313,0.9999999999999999,-0.9999999999999999
327,2022-05-16,-5.949013914881415e-05,-0.0016893683942278605,0.7660576106245112,2315,2314,1.0,-1.0
328,2022-05-17,0.002413281042879122,0.0034978576828003467,0.36735608370098277,2315,2314,1.0,-0.9999999999999998
329,2022-05-18,-0.0006600725562421464,-0.0012747174774096239,0.43190734471097975,2315,2314,1.0000000000000002,-0.9999999999999998
330,2022-05-19,0.0006751536196070249,0.0008332044748540317,0.6503594013274286,2315,2314,0.9999999999999998,-1.0
331,2022-05-20,0.001517425435572069,0.0014635832525877572,0.4581334921526971,2316,2315,0.9999999999999999,-1.0
332,2022-05-23,0.00045518525616065897,-6.235292524036512e-06,0.5780913410204437,2316,2315,1.0,-1.0
333,2022-05-24,0.0010988102035090382,0.001832726554294728,0.4081063133440192,2316,2315,1.0,-1.0
334,2022-05-25,0.0023819306937092315,0.0007764392350912697,1.0239203305671305,2316,2315,1.0,-1.0
335,2022-05-26,0.003166804610244977,0.002267555475758923,0.6459224059278278,2317,2316,0.9999999999999998,-0.9999999999999999
336,2022-05-27,0.00044535032893314413,0.00012281305752625702,0.5936083822341568,2317,2316,0.9999999999999998,-1.0
337,2022-05-30,-0.00024082147237776711,-2.2708519533876613e-05,0.8362055266589689,2318,2317,1.0,-1.0
338,2022-05-31,0.000800248846323251,0.0003407904682865108,0.7805439193058084,2318,2317,1.0,-1.0
339,2022-06-01,0.0006253211430596718,-0.0003904702482816144,1.0402551066763772,2319,2318,1.0,-1.0
340,2022-06-02,0.0011391593623102953,0.0013653551904522273,0.40770236709515634,2320,2319,0.9999999999999998,-0.9999999999999999
341,2022-06-06,0.0018197521477886797,0.001196576046975123,0.33414972179940083,2321,2320,1.0,-1.0
342,2022-06-07,0.003105965495558303,0.003289264720947099,0.3838763425628813,2321,2320,1.0,-1.0
343,2022-06-08,0.0014798877313646835,0.002660104417839406,0.321925057785293,2321,2320,1.0,-1.0
344,2022-06-09,0.00048429789517233195,0.000297775322793261,0.4772234190883499,2321,2320,1.0,-1.0
345,2022-06-10,0.003822093180738168,0.004829315791836382,0.4718524825003597,2321,2320,1.0,-1.0
346,2022-06-13,-0.00011488100291485168,-0.0004006108140955666,0.37956020134889235,2321,2320,1.0,-1.0
347,2022-06-14,0.0014939780426182882,0.002582689050407431,0.5133756525136276,2324,2323,1.0,-1.0
348,2022-06-15,0.00179733246924691,0.0010640227657240297,0.3839623148334298,2324,2323,1.0,-1.0000000000000002
349,2022-06-16,-0.0012909168306232213,-0.0022950602547122173,0.45096453312651674,2326,2325,1.0,-1.0
350,2022-06-17,0.001468532318035111,0.003458733686120888,0.7038549504789564,2326,2325,1.0,-1.0
351,2022-06-20,-0.0007896329648950425,-0.0020199809509667786,0.5243669956988427,2326,2325,1.0,-1.0
352,2022-06-21,-0.0007960718709832779,-0.0015294779975658273,0.45622774476130845,2326,2325,1.0,-1.0
353,2022-06-22,-0.0024685458012292166,-0.0011560153572003403,0.2845626491543588,2326,2325,1.0,-0.9999999999999999
354,2022-06-23,-0.0034874906147608024,-0.0023800675436560677,0.4901696390390704,2326,2325,0.9999999999999999,-1.0
355,2022-06-24,0.0023064482771130816,0.002781068298329137,0.49297512349048367,2326,2325,1.0,-1.0
356,2022-06-27,-0.0011343201572148573,-0.0008952980671256801,0.41510832879098636,2327,2326,1.0,-1.0
357,2022-06-28,-0.0021397714943891064,-0.0033379743571739402,0.4654443209648438,2327,2326,1.0,-1.0
358,2022-06-29,0.00035686638934436833,-0.000187589404487494,0.440471882995528,2327,2326,1.0,-1.0
359,2022-06-30,0.002616938978122091,0.004020850248023565,0.4519842503522976,2329,2328,1.0,-1.0
360,2022-07-01,-5.036125355559326e-05,-0.0008107542722645515,0.3917264885023477,2330,2329,0.9999999999999999,-1.0
361,2022-07-04,0.004978211312462247,0.005779814490604001,0.40604550835462705,2331,2330,1.0,-1.0
362,2022-07-05,0.001007241527052216,0.00046857299915714634,0.5564911614065392,2331,2330,1.0,-1.0
363,2022-07-06,-0.0012446842238466953,-0.0002794715232652392,0.5159315231952692,2331,2330,1.0,-1.0
364,2022-07-07,-0.00014694688272275536,0.001785239473918527,0.5641296792323874,2332,2331,1.0,-1.0
365,2022-07-08,0.0034549615555303187,0.0011802086908773912,0.6621957692984456,2333,2332,0.9999999999999999,-1.0
366,2022-07-11,-0.001165618849039451,-0.0016038269544699987,0.5438259508444796,2334,2333,1.0,-0.9999999999999999
367,2022-07-12,-0.001494471623490326,-0.0018460487555697763,0.6595956095448454,2334,2333,1.0,-1.0
368,2022-07-13,0.003489879969576505,0.0027865533276953975,0.3394802561504762,2335,2334,1.0,-1.0
369,2022-07-14,0.0015944394922219973,0.0023179105372886106,0.49672715791530414,2336,2335,1.0,-1.0
370,2022-07-15,-0.0018978585572651772,-0.00028551568245139235,0.49455558840585995,2337,2336,1.0,-1.0
371,2022-07-18,0.005174148483891297,0.0032140238530992647,0.5344239179795675,2339,2338,1.0,-1.0
372,2022-07-19,0.002428225084861191,0.001531880804286491,0.7408301708708457,2339,2338,1.0,-1.0
373,2022-07-20,-0.00038853315752754736,-0.00045953385589867553,0.5608305845586156,2340,2339,1.0,-0.9999999999999999
374,2022-07-21,0.0013232770732687176,0.0015569852469023552,0.47666264669381575,2340,2339,1.0,-0.9999999999999999
375,2022-07-22,0.00013733588212778047,-0.0007678703171380068,0.7816957077933274,2340,2339,1.0,-1.0
376,2022-07-25,0.003152083128992527,0.0017696707909853,0.6121454573766397,2342,2341,0.9999999999999998,-1.0
377,2022-07-26,0.0006054360638989668,0.0013274933703266642,0.63723878058657,2342,2341,1.0,-1.0
378,2022-07-27,-0.0020029259974756065,-0.000521340016603835,0.6184356888745375,2342,2341,1.0000000000000002,-1.0
379,2022-07-28,0.0002625341527867993,0.0002965578902580637,0.6650116887805322,2342,2341,0.9999999999999999,-1.0
380,2022-07-29,-0.0012498275565035301,-0.0014611346632765754,0.5228816731220975,2342,2341,1.0,-1.0
381,2022-08-01,0.0021135204995226917,0.002033479524005305,0.5251514496724955,2343,2342,0.9999999999999999,-0.9999999999999999
382,2022-08-02,-0.00622885066665714,-0.00329213660209747,0.5498291399396681,2344,2343,1.0,-1.0
383,2022-08-03,0.004845261410532698,0.003931902028547266,0.6672285711225191,2345,2344,1.0,-1.0
384,2022-08-04,0.0034728709910269917,0.0024287765299908608,0.35808988977849016,2345,2344,1.0,-1.0
385,2022-08-05,0.0008421016305173046,0.000854220159150626,0.36253713171576407,2346,2345,0.9999999999999999,-0.9999999999999999
386,2022-08-08,0.0002427610981039427,0.0007122642808506316,0.8533922085115974,2347,2346,1.0,-1.0
387,2022-08-09,0.0005781560443445933,0.0012147234496979404,0.47929785153181853,2348,2347,1.0,-1.0
388,2022-08-10,-0.003210113101614454,-0.002659537050396837,0.7745461018088136,2349,2348,1.0,-1.0
389,2022-08-11,0.0020138978617744983,0.0008051147819127871,0.5481532873182089,2349,2348,1.0,-1.0
390,2022-08-12,-0.0006166307655093672,-0.0020531339168977925,0.40354772694665275,2349,2348,1.0,-1.0
391,2022-08-15,-0.001822228733287864,-0.0008540046605394844,0.6494657961372843,2352,2351,1.0,-1.0
392,2022-08-16,0.0003556047177876568,-9.867480410003654e-05,0.5431036605455934,2353,2352,0.9999999999999999,-0.9999999999999999
393,2022-08-17,-0.0004128937036082479,-0.001047438610902147,0.50996325053515,2354,2353,1.0,-1.0
394,2022-08-18,-0.0015827011218649753,-0.0005518199644665295,0.6181694834899094,2355,2354,1.0,-1.0000000000000002
395,2022-08-19,-0.001984586606497349,-0.005425659294069046,0.8534567512871394,2356,2355,1.0000000000000002,-1.0
396,2022-08-22,0.0005230167998780009,-0.0003856800473390591,0.5487098455149374,2357,2356,1.0,-1.0000000000000002
397,2022-08-23,0.0006258306313732974,0.0005045886073245026,0.4914003654850281,2357,2356,1.0,-1.0
398,2022-08-24,-0.005288728654847356,-0.007126743954219986,0.4720990236273964,2358,2357,0.9999999999999999,-1.0
399,2022-08-25,-0.001087187785478387,-0.0014210304230752,0.6830748536485398,2359,2358,1.0,-1.0
400,2022-08-26,5.5664891706670716e-05,-0.0015333583570201065,0.6122612092384385,2362,2361,1.0,-1.0
401,2022-08-29,0.0019047634335233495,0.002484408273201767,0.43330952188400806,2364,2363,1.0,-1.0
402,2022-08-30,0.0025467005019269187,0.00047803811114594235,0.5039047743110604,2365,2364,0.9999999999999999,-1.0
403,2022-08-31,0.001292549509094975,4.355675484925964e-05,0.47070262549491654,2365,2364,1.0,-1.0
404,2022-09-01,0.0009941314539528355,5.352093879010603e-06,0.6167179995435673,2365,2364,1.0,-1.0
405,2022-09-02,0.001308456804338898,0.0009786913192310048,0.5440001607093516,2367,2366,1.0,-1.0
406,2022-09-05,0.0011817127740235166,0.00033267202896671184,0.5553566384212314,2368,2367,1.0,-1.0
407,2022-09-06,0.0009427148385061177,0.0019572793792415055,0.4473685595205671,2369,2368,1.0,-1.0
408,2022-09-07,0.0016399129409917232,0.0024614184068243814,0.6643024356828121,2368,2367,1.0000000000000002,-0.9999999999999999
409,2022-09-08,-0.0004409095576521577,-0.001166126728516818,0.9332023391741038,2371,2370,1.0,-1.0
410,2022-09-09,0.00121621681978139,0.0012652842030726821,0.42907278534805515,2371,2370,1.0,-1.0
411,2022-09-13,-0.0014275737343679724,-0.001653104071882362,0.7078389377309533,2373,2372,1.0,-1.0
412,2022-09-14,-0.0018442841271663051,-0.001708630022787169,0.5777369813667597,2373,2372,1.0,-1.0
413,2022-09-15,-0.003411106425058652,-0.004778838188272662,0.6508751160695712,2373,2372,0.9999999999999999,-1.0
414,2022-09-16,0.0018498213131755894,0.003369199018228807,0.7008625705797217,2373,2372,1.0,-1.0
415,2022-09-19,0.00125010720447845,0.002597365784481209,0.5633946652966334,2375,2374,1.0,-1.0
416,2022-09-20,0.0020993189847681,0.0016748184406266981,0.41793253111758355,2375,2374,1.0,-1.0
417,2022-09-21,0.0010360601917087787,0.00016738472317786093,0.3005051850416413,2375,2374,1.0,-1.0
418,2022-09-22,0.00016590631161737335,0.0005896525770675114,0.3528524166741682,2375,2374,1.0,-1.0
419,2022-09-23,-0.0015468314913737215,-0.0008019320618148675,0.5085374679217526,2375,2374,1.0,-1.0
420,2022-09-26,-0.0005010489398375386,0.0017194799496970678,0.4770718252920753,2375,2374,1.0,-1.0
421,2022-09-27,0.0025846748907458507,0.0021716162305426417,0.49064107148096026,2375,2374,1.0,-1.0
422,2022-09-28,-0.0005480942240101098,-0.0018649825091064803,0.6411616020026698,2375,2374,1.0,-1.0
423,2022-09-29,-0.0008147062189488965,0.0003985689173613208,0.5064930882465011,2375,2374,1.0,-1.0
424,2022-09-30,0.0011887094650686152,0.0008552365034217649,0.44332881874552116,2375,2374,1.0,-1.0
425,2022-10-10,-0.0010701164100229022,-0.0017849719232400016,0.37280566210535876,2375,2374,0.9999999999999998,-1.0
426,2022-10-11,-0.001614720981310176,-0.0032096407691760464,0.8834427064213657,2375,2374,1.0,-1.0
427,2022-10-12,0.0010383845788102062,-0.00034044286137340646,0.383364802042805,2375,2374,1.0,-1.0
428,2022-10-13,0.0031592725051683788,0.003388242184381718,0.47809303770945244,2375,2374,1.0,-1.0
429,2022-10-14,0.0010388310262193319,0.0012014118726229109,0.38949126494552827,2375,2374,1.0,-1.0
430,2022-10-17,0.0025864822530769598,0.0016920854891897125,0.7472026294664524,2375,2374,1.0,-1.0
431,2022-10-18,0.00024842372414883,0.00016574636341460292,0.6999812522421931,2375,2374,1.0,-1.0
432,2022-10-19,3.299399328215904e-05,-0.0007800288735782448,0.2602441369308749,2375,2374,1.0,-1.0
433,2022-10-20,0.0017369162369436767,0.002158289001379231,0.6929637312243617,2375,2374,1.0,-1.0
434,2022-10-21,-0.001377054593333068,-0.0005930804938544003,0.4985447289818327,2375,2374,1.0,-1.0
435,2022-10-24,-0.0003627419146432706,-0.0004729659950560988,0.6988040015281624,2375,2374,1.0,-1.0
436,2022-10-25,-0.00301092192534942,-0.0032764709253435493,0.4568134098190853,2375,2374,1.0,-0.9999999999999999
437,2022-10-26,0.0022912387730107935,0.00242676559711694,0.27416362594299015,2375,2374,1.0,-1.0
438,2022-10-27,0.0025192732666348538,0.0017165872492628936,0.43846562403472794,2375,2374,1.0,-0.9999999999999999
439,2022-10-28,-0.0030582151997790782,-0.001520869956342083,0.38619812529886577,2375,2374,1.0,-1.0
440,2022-10-31,0.004405131726580561,0.003530020891938799,0.38198432767647506,2375,2374,1.0,-1.0
441,2022-11-01,0.00025268209554243047,-0.0004694765825342777,0.4350957476746507,2375,2374,1.0,-1.0
442,2022-11-02,0.0013911377462291537,0.0017385139428125335,0.8690009606999808,2375,2374,1.0,-1.0
443,2022-11-03,0.0009001623733348148,0.000863740660490487,0.5133354156710694,2375,2374,1.0,-1.0
444,2022-11-04,0.0018794827657331488,0.0021929329129243905,0.6232045030926776,2375,2374,1.0,-1.0
445,2022-11-07,-0.003002048552038172,-0.0037350279016632485,0.5947238245085538,2375,2374,1.0,-1.0
446,2022-11-08,-9.700067713765657e-05,-0.0007388671968350028,0.3071004196474866,2375,2374,1.0,-1.0
447,2022-11-09,-0.001157069036350192,-0.0017155143262750135,0.3595725662901648,2375,2374,1.0,-1.0
448,2022-11-10,-0.0012028929527813387,-0.0010246607471622524,0.6170020138122829,2375,2374,1.0,-0.9999999999999999
449,2022-11-11,0.003637339026607002,0.001811134265857545,0.7273170845898199,2375,2374,1.0,-1.0
450,2022-11-14,-0.0014836251309529602,-0.0018807789324154812,0.5413079396516189,2375,2374,1.0,-1.0
451,2022-11-15,-0.00014142960749813187,0.0005543183697974789,0.6033616698772111,2375,2374,1.0,-1.0
452,2022-11-16,-0.0014060440728014714,-0.002759860568316945,0.7476406517770859,2375,2374,1.0,-1.0
453,2022-11-17,-0.0022116066031055794,-0.0023157169106583922,0.31187564645703253,2375,2374,1.0,-1.0
454,2022-11-18,0.00022024536459687438,0.00032568747193761904,0.3596572004500883,2375,2374,1.0,-1.0
455,2022-11-21,-1.5419328440777202e-05,0.0005148184086765026,0.5860184181190256,2375,2374,1.0,-1.0
456,2022-11-22,-0.0014863059154431764,-0.003786626743906972,0.7986578141933083,2375,2374,1.0,-1.0
457,2022-11-23,-0.001597570475556293,-0.0011870610207192506,0.8130925829631989,2375,2374,1.0,-1.0
458,2022-11-24,0.002244917493773809,0.0015493012726839669,0.5044990234003226,2375,2374,1.0,-1.0
459,2022-11-25,-0.0008515751132005655,-0.0017261937035063825,0.4937273300557564,2375,2374,1.0,-1.0
460,2022-11-28,0.0003615474093508035,0.0019650859606843256,0.5275316459948217,2375,2374,1.0,-1.0
461,2022-11-29,-4.84373800939495e-06,-0.000532006248322104,0.44758633677110155,2375,2374,1.0,-1.0
462,2022-11-30,0.0009368980710702766,0.0013109961220542053,1.0226253159598169,2375,2374,1.0,-1.0
463,2022-12-01,0.005272633456350138,0.0056466396856525245,0.4391729100221984,2375,2374,1.0,-1.0
464,2022-12-02,-0.0019363908414221694,-0.0017354314930218134,0.46250915486618055,2375,2374,1.0,-0.9999999999999999
465,2022-12-05,6.917481047333203e-05,-0.00036134924636989504,0.3694034966792028,2375,2374,1.0,-1.0
466,2022-12-06,0.002286478373293147,0.002883788277774167,0.3190848816875953,2375,2374,1.0,-1.0
467,2022-12-07,-0.0019218345852115904,-0.0016140225529287823,0.41182354889888256,2375,2374,1.0,-1.0
468,2022-12-08,-0.00041133259432769604,-0.000506542885171663,0.33296952782081146,2375,2374,1.0,-1.0
469,2022-12-09,0.0003011238504820968,0.0013354388530218081,0.44412173434786834,2375,2374,1.0,-1.0
470,2022-12-12,-0.0007597607368135732,-0.00027431685283275725,0.4880380741749962,2375,2374,1.0,-1.0
471,2022-12-13,-0.0014138092542417661,-0.0019121785701148378,0.6302950141686452,2375,2374,1.0,-0.9999999999999999
472,2022-12-14,0.0013201737365439985,0.0005052499003122797,0.6531265088849445,2375,2374,1.0,-1.0
473,2022-12-15,-0.002074001708162904,-0.0015469113932592403,0.5669855106736231,2375,2374,1.0,-0.9999999999999999
474,2022-12-16,0.0022986575026640007,0.0031633061834290977,0.5104897647009118,2375,2374,1.0,-1.0
475,2022-12-19,0.0006914643337699727,0.0009874432674435302,0.6984002883742164,2375,2374,1.0,-1.0
476,2022-12-20,0.00036875163421780464,-0.0015305280428120332,0.6909637109205238,2375,2374,1.0,-1.0
477,2022-12-21,-0.0022722930074662515,-0.0011534386239183403,0.7556250284216408,2375,2374,1.0,-1.0
478,2022-12-22,-0.0015617838720762087,-0.0010611547657742304,0.36722855567603496,2375,2374,1.0,-1.0
479,2022-12-23,0.0016410678582855418,0.0009437959976877205,0.47073143650698746,2375,2374,1.0,-1.0
480,2022-12-26,0.0027955834005487824,0.002296745725336509,0.4182425093393922,2375,2374,0.9999999999999999,-1.0
481,2022-12-27,-0.003340176127930617,-0.003937482351568624,0.5917594034015796,2375,2374,1.0,-1.0
482,2022-12-28,0.0014174143090580306,0.0020227994520930805,1.106335155453499,2375,2374,1.0,-1.0
483,2022-12-29,0.0018269033494494869,0.002051665500331562,0.35730584701267093,2375,2374,1.0,-1.0
484,2022-12-30,-0.0018259470041156586,-0.0028979687401171606,0.5774173904760966,2375,2374,0.9999999999999999,-1.0
485,2023-01-03,-0.000666961124789844,-0.0024080670542055115,0.45265152343727255,2375,2374,1.0,-1.0
486,2023-01-04,-0.0006972029867676787,-0.0010692186096220046,0.6064956120569565,2375,2374,1.0,-1.0
487,2023-01-05,0.0004111296200190488,0.0008055491451277666,0.7398130279277798,2375,2374,1.0,-0.9999999999999999
488,2023-01-06,-9.300597259018532e-05,-0.0003729873095356334,0.7851699620840755,2375,2374,1.0,-1.0
489,2023-01-09,0.00025430951443993757,0.00040149318539206905,0.4030433736260012,2375,2374,1.0,-1.0
490,2023-01-10,0.000344408879902103,0.00044637527979115514,0.3375963352169622,2375,2374,1.0,-1.0
491,2023-01-11,0.000699380466280518,0.0005884996632402207,0.39559349715843306,2375,2374,1.0,-1.0
492,2023-01-12,-0.0019490732629946729,-0.0021928430766855168,0.31784302147384663,2375,2374,1.0,-1.0
493,2023-01-13,0.0011454466403975198,0.0008978976665667748,0.5577866624984081,2375,2374,1.0,-0.9999999999999999
494,2023-01-16,0.0010602713000733323,0.0009517325135820955,0.6983606525952112,2375,2374,1.0,-1.0
495,2023-01-17,6.050382691820833e-05,-0.0002962914215324567,0.3928587869561576,2375,2374,1.0,-1.0
496,2023-01-18,-0.0017668698984189112,-0.0026933952451517057,0.3649030851532514,2375,2374,1.0,-1.0
497,2023-01-19,-0.0001744741739422911,-0.00034531459410483585,0.402030329455151,2375,2374,1.0,-0.9999999999999999
498,2023-01-20,0.002272692803534749,0.0023606885892241483,0.2981660220944573,2375,2374,1.0,-1.0
499,2023-01-30,-0.0019540119926945974,-0.00315715442274255,0.4485808832497965,2375,2374,1.0,-1.0
500,2023-01-31,-0.0006954948784426134,-0.0020228688602343843,0.5404667577652102,2375,2374,1.0,-1.0
501,2023-02-01,0.0019927613669235714,0.0021785154155720098,0.6896483614130935,2375,2374,1.0,-1.0
502,2023-02-02,-0.0016759499815410396,-0.0024759531828869676,0.461194455977323,2375,2374,1.0,-1.0
503,2023-02-03,-0.00024312665281433815,-0.000814525256510715,0.48755513992404875,2375,2374,0.9999999999999999,-0.9999999999999999
504,2023-02-06,0.001544872153378468,0.0008123488065141515,0.5400518625710841,2375,2374,1.0,-1.0
505,2023-02-07,0.0013608142546312346,0.0006764064700272247,0.6819030133433539,2375,2374,1.0,-1.0
506,2023-02-08,0.0004823767754450884,-0.0005288653190708347,0.49931303128687066,2375,2374,1.0,-1.0
507,2023-02-09,0.0002663544131282416,0.00040253640852845954,0.5662891347146215,2375,2374,1.0,-1.0
508,2023-02-10,-8.848746452274183e-05,-0.001104282198490274,0.6187950448483416,2375,2374,0.9999999999999999,-1.0
509,2023-02-13,0.00012330972845291457,0.0008529223568305745,0.6660350889136416,2375,2374,1.0,-1.0
510,2023-02-14,0.0009026446938261191,0.00016406821784768506,1.0535014323909815,2375,2374,1.0,-1.0
511,2023-02-15,-0.003563901342779541,-0.003726410375308591,0.3783487097582784,2375,2374,1.0,-1.0
512,2023-02-16,0.0027363213035192374,0.003321663264373338,0.46484695384952557,2375,2374,1.0,-1.0
513,2023-02-17,-0.0006464357570670808,-0.0023332233540799604,0.7973348820981507,2375,2374,1.0,-1.0
514,2023-02-20,-0.00114004378604546,-0.00042913066464684776,0.5396959485333538,2375,2374,0.9999999999999999,-1.0
515,2023-02-21,-0.0002837295945169112,-0.0010550862912208454,0.4976136155745964,2375,2374,1.0,-1.0
516,2023-02-22,0.00017805633013858423,6.359406459192571e-05,0.5221196479792232,2375,2374,1.0,-1.0
517,2023-02-23,0.002813512151299176,0.0022360290555739266,0.5682264454205216,2375,2374,1.0,-1.0
518,2023-02-24,-0.0007219529931528157,-0.0012182924367768657,0.6778782781927376,2375,2374,1.0,-0.9999999999999998
519,2023-02-27,0.0008422584419478141,0.0013582059117511047,0.6715211444317992,2375,2374,0.9999999999999999,-1.0
520,2023-02-28,0.0006166644665733753,0.0003156325370066706,0.9029762452560306,2375,2374,1.0,-1.0
521,2023-03-01,0.004156728023948313,0.00487074985794014,0.4365865713102888,2375,2374,1.0,-1.0
522,2023-03-02,0.0012550284018399101,0.0004811898572332448,1.0508701644207785,2375,2374,0.9999999999999999,-1.0
523,2023-03-03,-0.0003041930802739617,-0.0011651334455131993,0.6370141581946663,2375,2374,1.0,-1.0
524,2023-03-06,0.0004167289087816351,0.0012425828163290732,0.5660676644808689,2375,2374,0.9999999999999999,-1.0
525,2023-03-07,-0.0007497889554205373,-0.0008131858691765928,0.5231903208618502,2375,2374,1.0,-1.0
526,2023-03-08,0.003535847222699044,0.0024979355612846626,0.8233143504391676,2375,2374,1.0,-0.9999999999999999
527,2023-03-09,0.0031643646675123616,0.002532639381357083,0.557751842013448,2375,2374,1.0,-1.0
528,2023-03-10,0.0004796418316005543,0.00048355312888902734,0.4099543796647508,2375,2374,1.0,-1.0
529,2023-03-13,-0.0015378380499262267,-0.0005706490289783639,0.4052707264489289,2375,2374,1.0,-1.0
530,2023-03-14,-0.002573360091395728,-0.0021803064936973,0.4864438869846576,2375,2374,1.0,-1.0
531,2023-03-15,-0.0013376373331191304,-0.0035877313115510244,0.4877877469622249,2375,2374,1.0,-1.0
532,2023-03-16,-0.0016383738114889436,-0.0013936194040596837,0.3807829592873711,2375,2374,1.0,-1.0
533,2023-03-17,-0.0018344359986396002,-0.002475475801412104,0.41041309397497044,2375,2374,1.0,-1.0
534,2023-03-20,0.00010247422559677777,0.0005066355596636961,0.6084692875338465,2375,2374,1.0,-1.0
535,2023-03-21,0.0036644712709303154,0.0037127958702191863,0.7015184513367017,2375,2374,1.0,-1.0
536,2023-03-22,0.00023665179873869058,-0.00045533394786801047,0.6531668982946418,2375,2374,1.0,-1.0
537,2023-03-23,-0.0009694554104263549,0.0008945844398764264,0.6008650327750226,2375,2374,1.0,-1.0
538,2023-03-24,-0.0017454159270134746,-0.000612233918631514,0.49767019759366676,2375,2374,1.0,-1.0
539,2023-03-27,0.00047326164135017126,0.000817799390050863,0.33961231553179405,2375,2374,1.0,-1.0
540,2023-03-28,0.0030851783710992313,0.002870945169497166,0.42292965541251804,2375,2374,1.0,-1.0
541,2023-03-29,0.0019332294360012241,0.002527199160246911,0.4987943678049207,2375,2374,1.0,-1.0
542,2023-03-30,0.0035516004971155157,0.003959693226572136,0.4754772329033846,2375,2374,1.0,-1.0
543,2023-03-31,-0.0004805777475292688,-0.00040062859513152055,0.5716098244300257,2375,2374,1.0,-1.0
544,2023-04-03,0.00023981432148865566,0.0005697282072200903,0.5688417450193267,2375,2374,1.0,-1.0
545,2023-04-04,0.0019927018187312516,0.0030726935791933387,0.6068395286165428,2375,2374,1.0,-1.0
546,2023-04-06,0.0006873214260653742,0.0011804868488138644,0.384207636303322,2375,2374,1.0,-1.0
547,2023-04-07,0.0029904863449432776,0.003130715132807979,0.4047235114412874,2375,2374,1.0,-1.0
548,2023-04-10,0.0004954234058232934,-0.0019389030291980594,0.3753427232612263,2375,2374,1.0,-1.0
549,2023-04-11,0.0009329925169028067,0.0011885919262267734,0.6082804148133816,2375,2374,1.0,-1.0
550,2023-04-12,0.0006265373648560875,-0.0003284232305132088,0.623081811030687,2375,2374,1.0,-1.0
551,2023-04-13,-0.0005938588655212548,-0.00021617742870798503,0.5176445690741793,2375,2374,1.0,-1.0
552,2023-04-14,-0.00021279678241116636,-0.0012528622369609554,0.5443117845416431,2375,2374,0.9999999999999999,-1.0
553,2023-04-17,0.00013322426464422465,-0.0004524860781919158,0.5684207979378466,2375,2374,1.0,-1.0
554,2023-04-18,-0.0011731611866873095,0.00035844120982491106,0.9190982993893471,2375,2374,1.0,-1.0
555,2023-04-19,-0.0018630993522622114,-0.0005402644865845942,0.6268345277513903,2375,2374,1.0,-1.0
556,2023-04-20,-0.0011243870400413141,0.001417364137521832,0.5986901856771054,2375,2374,1.0,-1.0
557,2023-04-21,-0.006662835984082757,-0.007215151391779515,0.7256736794032941,2375,2374,1.0,-1.0
558,2023-04-24,-0.001002907078875322,-0.0012927856944816955,0.8335512383027126,2375,2374,1.0,-1.0
559,2023-04-25,-0.0039030138567808462,-0.0017784980472237352,0.5262150271989319,2375,2374,1.0,-1.0
560,2023-04-26,0.004803532876837431,0.0021726608374691616,0.3191050005516373,2375,2374,1.0,-1.0
561,2023-04-27,0.0012604116311292356,-0.0001499534726325082,0.3845242465895151,2375,2374,1.0,-1.0
562,2023-04-28,0.0004212026590645398,0.00164691615091472,0.42913833079460717,2375,2374,0.9999999999999999,-1.0
563,2023-05-04,-0.0021668088546532996,-0.003781394804879856,0.8262717773218371,2375,2374,1.0,-1.0
564,2023-05-05,-0.003138556762347403,-0.0029220457426528974,0.41897023651433263,2375,2374,1.0,-1.0
565,2023-05-08,-0.0006933992639128095,-0.0019057095436256855,0.40380498611501137,2375,2374,1.0,-1.0
566,2023-05-09,4.501935789743075e-06,-0.0004190491859200514,0.6127839007285645,2375,2374,0.9999999999999999,-1.0
567,2023-05-10,0.0009413871427533926,0.0008672383833724755,0.502465737497352,2375,2374,1.0,-1.0
568,2023-05-11,0.004100953720496673,0.0021858661107015216,0.5778454077719807,2375,2374,1.0,-1.0
569,2023-05-12,-0.000486259489587873,-0.0007834203293678732,0.4761422164416001,2375,2374,1.0,-1.0
570,2023-05-15,0.00190980348387733,0.0017420811763186102,0.4047944318515861,2375,2374,1.0,-1.0
571,2023-05-16,0.0016863837685837362,-0.0002219918063113436,0.5269624628316599,2375,2374,1.0,-0.9999999999999999
572,2023-05-17,0.0025799337417333756,0.0022247436519143814,0.49690470109988577,2375,2374,1.0,-1.0
573,2023-05-18,0.002432118492938956,0.0032337114742191104,0.44100994290889206,2375,2374,1.0,-1.0
574,2023-05-19,0.001120011210766342,0.0015983071890176889,0.5138901110007837,2375,2374,1.0,-1.0
575,2023-05-22,0.0012566851013032041,0.0002975203877401732,0.572024513301328,2375,2374,1.0,-1.0
576,2023-05-23,-0.00027192360601200564,-0.0010743587158980814,0.5111353300067885,2375,2374,1.0,-0.9999999999999999
577,2023-05-24,-0.0009513165073391373,-0.0007284840535584246,0.5113215347133673,2375,2374,1.0,-1.0
578,2023-05-25,-0.0002947266108055289,-0.0013100347660064161,0.4995442421376,2375,2374,0.9999999999999999,-1.0
579,2023-05-26,0.0011855184801302689,0.0025884331898678274,0.5119506185280585,2375,2374,1.0,-1.0
580,2023-05-29,-0.0007555355378836212,-0.0006857305968659896,0.6756659696179937,2375,2374,1.0,-1.0
581,2023-05-30,0.0012189214241744373,0.0018384648134739494,0.5599770889103572,2375,2374,1.0,-1.0
582,2023-05-31,0.003123997266455009,0.003790606953181893,0.47210015733981503,2375,2374,1.0,-0.9999999999999999
583,2023-06-01,0.0016741253289711561,0.0017938811821463993,0.3516691976296463,2375,2374,1.0,-1.0
584,2023-06-02,0.0042892238068444975,0.0034011688164530887,0.3719317071452043,2375,2374,1.0,-1.0
585,2023-06-05,0.0015535907173427285,0.0017096228338933156,0.6775656065525262,2375,2374,1.0,-1.0
586,2023-06-06,0.0005211874149095765,8.10541642587842e-05,0.4964967101064295,2375,2374,1.0,-1.0
587,2023-06-07,7.031030202925585e-05,-0.00033911465275778506,0.6567608284025612,2375,2374,1.0,-1.0
588,2023-06-08,0.0026779591649072794,0.0015840313480627276,0.49550322062165275,2375,2374,1.0,-1.0
589,2023-06-09,-0.0004993220190248433,4.879410002937151e-05,0.5195206681873644,2375,2374,1.0,-0.9999999999999999
590,2023-06-12,0.0043086647661538125,0.003632052675413073,0.7294074253225586,2375,2374,1.0,-1.0
591,2023-06-13,0.0009006664520836852,0.0008375851723919853,0.8276527288283596,2375,2374,1.0,-1.0
592,2023-06-14,-1.792045795496669e-05,0.0006419890898458253,0.5464851196008027,2375,2374,1.0,-1.0
593,2023-06-15,0.0016240291547371612,-0.0001453065128249999,0.3365376881781351,2375,2374,1.0,-1.0
594,2023-06-16,0.0006746938946515738,0.0017787049578903164,0.29970858841895953,2375,2374,1.0,-1.0
595,2023-06-19,0.0010770418877456265,0.0009840874163953453,0.21788817631375162,2375,2374,1.0,-0.9999999999999999
596,2023-06-20,0.0012683854770461165,0.0006151658282292586,0.3534245536999938,2375,2374,1.0,-1.0
597,2023-06-21,-0.0036566571746534174,-0.005217005561186282,0.30564696492706067,2375,2374,1.0,-1.0
598,2023-06-26,0.0009684318645013391,1.8295214413256017e-05,0.7620709825161561,2375,2374,1.0,-1.0
599,2023-06-27,0.003522533139120902,0.0027895540115249404,0.8543585905613131,2375,2374,1.0,-1.0
600,2023-06-28,0.0026379889003760146,0.002646899299452158,0.3736916351621269,2375,2374,1.0,-1.0
601,2023-06-29,0.00247175291807255,0.0021958059389292697,0.4174589433255686,2375,2374,1.0,-1.0
602,2023-06-30,0.0019052838111732317,0.0018598347653602,0.2918309081443919,2375,2374,0.9999999999999999,-1.0
603,2023-07-03,0.0017545432024277715,0.0006547382975496574,0.6376313151467676,2375,2374,1.0,-1.0
604,2023-07-04,-0.0004098074471008133,-0.0013013261168998442,0.9066744163131784,2375,2374,1.0,-1.0
605,2023-07-05,-0.001416680256958572,-0.002283537017828144,0.5223015775335643,2375,2374,1.0,-1.0
606,2023-07-06,0.0005493168691683462,0.0002477302151624376,0.6146632123269378,2375,2374,1.0,-0.9999999999999999
607,2023-07-07,-0.001967815880629166,-0.0035525192767980763,0.5273210828036794,2375,2374,1.0,-1.0
608,2023-07-10,-0.0008152857101886295,-0.001169756845105687,0.6174037524179856,2375,2374,1.0,-1.0
609,2023-07-11,0.0008600065511574799,0.0004682327336049952,0.4703197591725947,2375,2374,1.0,-1.0
610,2023-07-12,-0.002823652686980765,-0.00387330585717759,0.40853876159427527,2375,2374,1.0,-1.0
611,2023-07-13,-0.00023302771920797466,-0.000506541983962017,0.6673034087605985,2375,2374,1.0,-0.9999999999999999
612,2023-07-14,0.0008158171816973711,0.0007076874032541352,0.9291131844912718,2375,2374,1.0,-1.0
613,2023-07-17,-0.001288217367254955,-0.0014039199704654801,0.36523969919864036,2375,2374,1.0,-1.0
614,2023-07-18,-0.0021055059400929476,-0.003345773626813718,0.4380524830324857,2375,2374,1.0,-1.0
615,2023-07-19,-0.0020130911069907173,-0.003040377559823922,0.5266885988425916,2375,2374,0.9999999999999999,-1.0
616,2023-07-20,-0.001528481169636959,-0.002752578416267873,0.4968190438355383,2375,2374,1.0,-1.0
617,2023-07-21,-5.813899501884044e-05,-2.873285856951546e-05,1.0776233978443,2375,2374,1.0,-1.0
618,2023-07-24,0.0003192805525174163,0.0009325872296106,0.4980041694528459,2375,2374,1.0,-1.0
619,2023-07-25,0.00045426278933969905,-0.0006246247194640064,0.5321786174907711,2375,2374,1.0,-1.0
620,2023-07-26,-0.0010672049979080433,-0.001317666429819002,0.9994524486353954,2375,2374,1.0,-1.0
621,2023-07-27,0.0006151179748882379,0.0006713957456743469,0.43569266020735886,2375,2374,1.0,-0.9999999999999999
622,2023-07-28,0.002058211444517507,0.002545475357521908,0.3299915897322894,2375,2374,1.0,-1.0
623,2023-07-31,1.4886896093753432e-05,-0.000388698843630117,0.39958899105003837,2375,2374,1.0,-1.0
624,2023-08-01,0.0006725034244416052,0.0007279924613014513,0.40839808361628077,2375,2374,1.0,-1.0
625,2023-08-02,0.0014868873536714965,0.0019585249464121822,0.6127759867105409,2375,2374,0.9999999999999999,-1.0
626,2023-08-03,0.00030738190478433276,0.0024421129049734926,0.47135781423809625,2375,2374,1.0,-1.0
627,2023-08-04,0.0021156238221601677,0.0017058135765364872,0.5175674597256205,2375,2374,0.9999999999999999,-1.0
628,2023-08-07,0.0028021327768333365,0.0021442117407428135,0.6273805379651165,2375,2374,1.0,-1.0
629,2023-08-08,-0.0006711007939387593,-0.0011555536099708422,0.6770355006635325,2375,2374,1.0,-1.0
630,2023-08-09,0.0003543773876507829,0.0001256142265285325,0.4999548530726201,2375,2374,1.0,-1.0
631,2023-08-10,0.0008408513549993067,0.00011428914302585424,0.6141284193865225,2375,2374,1.0,-1.0
632,2023-08-11,-0.0006066169529912284,-0.0023234910575549855,0.5387126872562513,2375,2374,1.0,-1.0
633,2023-08-14,-0.00033025593367323573,-0.0002723062083946348,0.7283558446165195,2375,2374,1.0,-1.0
634,2023-08-15,0.0011561192385309725,0.0011396267180752394,0.33382253594637756,2375,2374,1.0,-1.0
635,2023-08-16,0.0021227163454124705,0.0021150555751759618,0.2727053057660959,2375,2374,1.0,-1.0
636,2023-08-17,0.0005339318870983623,-0.00041260752840000317,0.36900997351394194,2375,2374,1.0,-1.0
637,2023-08-18,0.0018553060718039666,-0.00010206800402425692,0.38561557489496123,2375,2374,0.9999999999999999,-1.0
638,2023-08-21,0.0018893330313927833,0.0018984659493617127,0.37093672562692204,2375,2374,1.0,-0.9999999999999999
639,2023-08-22,-0.0023917204532874,-0.0008314527977778177,0.4560979799024848,2375,2374,1.0,-1.0
640,2023-08-23,-0.0010011924346633718,-0.0005969290458300996,0.5598819651308455,2375,2374,1.0,-0.9999999999999999
641,2023-08-24,-0.0008286735240065554,0.00019732878006824446,0.46473072169245633,2375,2374,1.0,-1.0
642,2023-08-25,-0.0001870898010809842,0.0012143920704064878,0.45785140188297196,2375,2374,1.0,-1.0000000000000002
643,2023-08-28,8.868501078226204e-05,-0.00119640965276252,0.43574106157123943,2375,2374,1.0,-1.0
644,2023-08-29,0.0004676664830393501,-0.0015575343364733762,0.6420799309848659,2375,2374,1.0,-1.0
645,2023-08-30,-0.002800683964703196,-0.003854862593247729,0.6822129333656403,2375,2374,1.0,-0.9999999999999999
646,2023-08-31,-0.00012655171048471157,-0.0013666680857566242,0.5389556162580594,2375,2374,1.0,-1.0
647,2023-09-01,0.0008377631997572217,0.00096128005217401,0.5414388490948595,2375,2374,1.0,-1.0
648,2023-09-04,0.0011628331016596168,0.001229135180348024,0.5048127202350587,2375,2374,1.0,-1.0
649,2023-09-05,-0.0007569604938530905,-0.0013471327971125054,0.318978568253964,2375,2374,1.0,-1.0
650,2023-09-06,-0.0029836464411076057,-0.0030442337610821716,0.6353077185487952,2375,2374,1.0,-1.0
651,2023-09-07,-0.00031420019887793554,0.00011404369400733888,0.4555786275829729,2375,2374,1.0,-1.0
652,2023-09-08,-0.002374955131682643,-0.0018540697310594524,0.6184340745577831,2375,2374,1.0,-1.0
653,2023-09-11,0.0014626722424444698,0.0009073257419321482,0.5988962833675289,2375,2374,1.0,-1.0
654,2023-09-12,0.0001393860817121668,-1.6736062246551497e-05,0.5234060869114743,2375,2374,1.0,-1.0
655,2023-09-13,0.00039230062489611396,0.0006565979777216589,0.4173925202153819,2375,2374,1.0,-1.0
656,2023-09-14,-0.00044400137536067166,0.0007196205675063273,0.49474017686135807,2375,2374,0.9999999999999999,-1.0
657,2023-09-15,0.0025553573164886125,0.0028725903855757852,0.49203275247934497,2375,2374,1.0,-0.9999999999999999
658,2023-09-18,0.003742933001693408,0.002224906839612536,0.45788099890702655,2375,2374,1.0,-1.0
659,2023-09-19,-0.0004352952686417352,-0.0002662424071157698,0.5100899534668878,2375,2374,1.0,-1.0
660,2023-09-20,-0.00011839556009445593,-0.0002128346395556197,0.3570129407108523,2375,2374,1.0,-0.9999999999999999
661,2023-09-21,-0.0014993713209852646,-0.0009642530078051541,0.34395640392753857,2375,2374,1.0,-1.0
662,2023-09-22,0.0018776932294793658,0.0015536983649759861,0.45382409038432625,2375,2374,1.0,-1.0
663,2023-09-25,-0.00019030024386272387,8.281722416216344e-05,1.2890648753904197,2375,2374,1.0,-1.0
664,2023-09-26,-0.0014243417434393905,-0.0015881368608357382,1.08740183131661,2375,2374,1.0,-1.0
665,2023-09-27,0.0009482871479477399,0.000994333268822048,0.5548270565361861,2375,2374,1.0,-1.0
666,2023-09-28,0.0012764809449275077,0.0005019989140053159,0.5972283130750298,2375,2374,1.0,-1.0
667,2023-10-09,0.0011934309498989103,0.002091653746654595,0.566590991276665,2375,2374,1.0,-1.0
668,2023-10-10,0.0015111807499601296,0.001394346667492266,0.9509636526962826,2375,2374,1.0,-1.0
669,2023-10-11,0.0007980786948196686,0.000871643085208965,0.5003155812100519,2375,2374,1.0,-1.0
670,2023-10-12,-0.001714029068752216,-0.0019891978020779954,0.4131439827262113,2375,2374,0.9999999999999999,-1.0
671,2023-10-13,-0.0007352100086005986,0.00039869351981806174,0.4444472748890343,2375,2374,1.0,-1.0
672,2023-10-16,0.0002518937506438908,0.0002528087523005519,0.3663315548067022,2375,2374,1.0,-1.0
673,2023-10-17,-0.0007654834863714223,-0.0008253368854881839,0.4309505922525033,2375,2374,1.0,-1.0
674,2023-10-18,-0.0013978620081203218,-9.527843575063075e-05,0.3895065759801715,2375,2374,1.0,-1.0
675,2023-10-19,0.0031278891787716962,0.001516296128832013,0.5715816719643262,2375,2374,1.0,-1.0
676,2023-10-20,0.0021489146395669437,0.002354406302683576,0.503626693336355,2375,2374,1.0,-1.0
677,2023-10-23,-0.0030412523632073873,-0.0018106910367130732,0.28266375306591685,2375,2374,1.0,-0.9999999999999999
678,2023-10-24,0.005715224191996025,0.003924895103122356,0.27543444973090697,2375,2374,1.0,-1.0
679,2023-10-25,0.00035336349257636727,0.0006335077730900171,0.23560969454517985,2375,2374,0.9999999999999999,-1.0
680,2023-10-26,-0.0022680034355701036,-0.0018420612879603143,0.415220999065277,2375,2374,1.0,-1.0
681,2023-10-27,0.0035222239222834958,0.0036433224289640215,0.9246354962288612,2375,2374,1.0,-1.0
682,2023-10-30,-0.0005027853324494156,-0.00138646136475154,0.8691172357964919,2375,2374,1.0,-1.0
683,2023-10-31,-0.0012517008450929517,-0.0010587786613824954,0.43920915035331953,2375,2374,1.0000000000000002,-1.0
684,2023-11-01,-0.0017537619938001682,-0.002543636499377664,0.29550751011848586,2375,2374,1.0,-1.0
685,2023-11-02,-0.0007413079820213055,-0.0003103418538258351,0.3520870551512147,2375,2374,1.0,-1.0
686,2023-11-03,-2.080411976710262e-05,-0.00048569419698999035,0.36927762854404717,2375,2374,1.0,-1.0
687,2023-11-06,-0.00043779142686410383,-0.000819545722158331,0.5171725136410533,2375,2374,1.0,-1.0
688,2023-11-07,-0.0025882085646137054,-0.0024018881812704895,0.4906899564027652,2375,2374,1.0,-1.0
689,2023-11-08,-0.0005285990741137765,-0.00014755787503211598,0.5330953810085479,2375,2374,1.0,-1.0
690,2023-11-09,0.0020711304109071182,0.0007366730197423711,0.4560825181100605,2375,2374,1.0,-1.0
691,2023-11-10,-0.001533008842686788,-0.0023186770810231442,0.4430305525368131,2375,2374,1.0,-0.9999999999999998
692,2023-11-13,0.0038282969932048497,0.0032708390736978614,0.7725635639263301,2375,2374,0.9999999999999999,-1.0
693,2023-11-14,-3.7158919601604744e-05,0.0012136398305841768,0.7455005543511217,2375,2374,1.0,-1.0
694,2023-11-15,0.0013236673624972837,0.0003078657642249993,0.3853356707199563,2375,2374,1.0,-1.0
695,2023-11-16,0.0011587523765657498,0.0014410185803001609,0.6657974346590504,2375,2374,1.0,-1.0
696,2023-11-17,0.0005980224385151419,8.560308595971684e-05,0.6063679492164532,2375,2374,1.0,-1.0
697,2023-11-20,-0.0002038254906900315,-0.0004766709711893427,0.6050581180020772,2375,2374,1.0,-1.0
698,2023-11-21,0.0011129569058207995,0.00018650572507880082,0.7345058019744026,2375,2374,1.0,-1.0
699,2023-11-22,0.0004185591773787278,-0.00018432368944259168,0.6480331016994609,2375,2374,1.0,-1.0
700,2023-11-23,0.0021126659765272216,0.0013026994298746056,0.7459750950124748,2375,2374,1.0,-1.0
701,2023-11-24,0.002227545500178457,0.0022472484114577883,0.6802320597092382,2375,2374,1.0,-1.0
702,2023-11-27,0.0004478020789943481,0.00033832950239826194,0.5612159784775733,2375,2374,1.0,-1.0
703,2023-11-28,0.001651757184439068,0.00040107879493953176,0.6139007716645462,2375,2374,1.0,-1.0
704,2023-11-29,0.0013475777822843467,0.001296283931220667,0.5056468253494856,2375,2374,1.0,-1.0
705,2023-11-30,-0.0013166642295226573,-0.0001966083383141623,0.45719081315187093,2375,2374,1.0,-1.0
706,2023-12-01,0.0006270338667974137,0.00174206511151807,0.4814937782994736,2375,2374,1.0,-1.0
707,2023-12-04,0.001122562440187298,0.0005839030515954022,0.6627301195917821,2375,2374,1.0,-0.9999999999999999
708,2023-12-05,-0.0015396325742682935,-0.0008978031530528854,0.5404073649969974,2375,2374,1.0,-0.9999999999999999
709,2023-12-06,0.0013756998187584813,0.0010940112485163262,0.6131756194761367,2375,2374,1.0000000000000002,-1.0
710,2023-12-07,-0.0011112965160965634,-0.00101152995345467,0.33371690517136526,2375,2374,1.0,-1.0
711,2023-12-08,-0.004054153365302469,-0.0037121701702880067,0.3510777294621761,2375,2374,1.0,-1.0
712,2023-12-11,0.0010775353547915001,0.0009386469000396309,0.43973113700338395,2375,2374,1.0,-1.0
713,2023-12-12,0.0008984939459488221,0.0010535016161335063,0.446302317985677,2375,2374,1.0,-1.0
714,2023-12-13,-0.003029124502005697,-0.004374373862150303,0.9853584484929393,2375,2374,1.0,-1.0
715,2023-12-14,0.000600702359138137,-0.0005924273482272998,0.7819625143452285,2375,2374,1.0,-1.0
716,2023-12-15,0.0012948175516144687,0.0006004296647538921,0.49886955285556445,2375,2374,1.0,-1.0
717,2023-12-18,0.0005303262692415035,0.0009556869489342548,0.6573394735925815,2375,2374,1.0,-1.0
718,2023-12-19,-0.00019297268814693854,-0.0006030097446244344,0.48701817178798046,2375,2374,1.0,-1.0
719,2023-12-20,0.002426126893988769,0.0006890307969257756,0.3998396460388024,2375,2374,1.0,-1.0000000000000002
720,2023-12-21,0.000734514220988294,0.0010417992895770598,0.3800790850613309,2375,2374,1.0,-1.0
721,2023-12-22,4.7793042208555195e-05,-0.00040592647432323437,0.6063797854675015,2375,2374,1.0,-1.0
722,2023-12-25,-0.0003147442996482532,0.0009508775841983194,0.39610367367979915,2375,2374,1.0,-1.0000000000000002
723,2023-12-26,0.00024253771232939265,-0.00031324494973213046,0.39791223460187564,2375,2374,1.0,-1.0
724,2023-12-27,0.001650501559901568,0.0007408038794612121,0.43055779662441884,2375,2374,1.0,-1.0
725,2023-12-28,0.0022860603755718058,0.001928108664053959,0.669668520278987,2375,2374,1.0,-1.0
726,2023-12-29,-0.0019254016330053723,-0.0022154844479583963,0.4613559848642082,2375,2374,1.0,-1.0
